file,row,seance,size_bytes,dark_pixels,total_pixels,density
row9_seance8.jpg,9,8,1967,1,11183,0.0001
row73_seance9.jpg,73,9,2287,18,11760,0.0015
row68_seance10.jpg,68,10,2238,55,11990,0.0046
row75_seance10.jpg,75,10,2355,55,11990,0.0046
row41_seance9.jpg,41,9,2114,56,11816,0.0047
row49_seance10.jpg,49,10,1658,55,11605,0.0047
row43_seance9.jpg,43,9,1960,56,11660,0.0048
row56_seance9.jpg,56,9,2169,57,11760,0.0048
row9_seance9.jpg,9,9,2317,58,11395,0.0051
row40_seance9.jpg,40,9,2450,61,11816,0.0052
row9_seance7.jpg,9,7,2339,59,11448,0.0052
row10_seance8.jpg,10,8,2306,77,11770,0.0065
row42_seance9.jpg,42,9,2184,80,11984,0.0067
row52_seance10.jpg,52,10,2438,80,11760,0.0068
row53_seance9.jpg,53,9,2191,80,11760,0.0068
row57_seance9.jpg,57,9,2532,80,11550,0.0069
row40_seance8.jpg,40,8,2215,87,11984,0.0073
row46_seance9.jpg,46,9,2425,85,11605,0.0073
row11_seance6.jpg,11,6,2555,91,11984,0.0076
row18_seance7.jpg,18,7,2339,92,11872,0.0077
row42_seance10.jpg,42,10,2352,92,11872,0.0077
row19_seance8.jpg,19,8,2313,94,11872,0.0079
row49_seance9.jpg,49,9,2040,98,11825,0.0083
row43_seance8.jpg,43,8,2204,100,11770,0.0085
row68_seance7.jpg,68,7,2382,112,11550,0.0097
row41_seance8.jpg,41,8,2253,118,12040,0.0098
row51_seance9.jpg,51,9,2201,120,11760,0.0102
row81_seance10.jpg,81,10,1987,124,12096,0.0103
row9_seance10.jpg,9,10,2552,120,11501,0.0104
row54_seance10.jpg,54,10,2416,122,11605,0.0105
row65_seance7.jpg,65,7,2083,125,11816,0.0106
row66_seance10.jpg,66,10,1702,129,12100,0.0107
row51_seance8.jpg,51,8,2158,132,12040,0.011
row73_seance10.jpg,73,10,2453,135,12208,0.0111
row64_seance10.jpg,64,10,2101,145,12264,0.0118
row83_seance7.jpg,83,7,2104,137,11605,0.0118
row84_seance10.jpg,84,10,2397,143,12152,0.0118
row53_seance8.jpg,53,8,1850,143,12040,0.0119
row64_seance9.jpg,64,9,2264,141,11760,0.012
row70_seance10.jpg,70,10,2279,148,12264,0.0121
row70_seance9.jpg,70,9,2124,144,11760,0.0122
row80_seance10.jpg,80,10,2406,150,12152,0.0123
row57_seance8.jpg,57,8,2284,148,11880,0.0125
row59_seance10.jpg,59,10,2429,157,12320,0.0127
row36_seance8.jpg,36,8,2393,153,11984,0.0128
row26_seance8.jpg,26,8,2210,154,11984,0.0129
row46_seance8.jpg,46,8,2266,152,11825,0.0129
row72_seance10.jpg,72,10,2627,159,12264,0.013
row21_seance7.jpg,21,7,2407,159,11928,0.0133
row19_seance9.jpg,19,9,2610,165,12096,0.0136
row69_seance10.jpg,69,10,2313,167,12264,0.0136
row44_seance8.jpg,44,8,2362,165,11984,0.0138
row62_seance10.jpg,62,10,2161,171,12320,0.0139
row56_seance10.jpg,56,10,2359,172,12320,0.014
row71_seance10.jpg,71,10,2535,172,12264,0.014
row65_seance9.jpg,65,9,2488,175,11760,0.0149
row56_seance8.jpg,56,8,2463,185,12040,0.0154
row65_seance6.jpg,65,6,2218,186,11984,0.0155
row32_seance8.jpg,32,8,2254,186,11825,0.0157
row37_seance9.jpg,37,9,2339,189,12040,0.0157
row43_seance10.jpg,43,10,2183,187,11770,0.0159
row54_seance9.jpg,54,9,2235,193,11825,0.0163
row38_seance8.jpg,38,8,2433,199,11984,0.0166
row15_seance7.jpg,15,7,2576,202,11872,0.017
row13_seance10.jpg,13,10,2591,205,11825,0.0173
row31_seance9.jpg,31,9,2510,208,11984,0.0174
row83_seance6.jpg,83,6,2107,207,11770,0.0176
row44_seance9.jpg,44,9,2648,211,11872,0.0178
row65_seance10.jpg,65,10,2569,219,12264,0.0179
row17_seance7.jpg,17,7,2615,211,11715,0.018
row17_seance6.jpg,17,6,2463,213,11715,0.0182
row73_seance7.jpg,73,7,2249,214,11760,0.0182
row45_seance8.jpg,45,8,2208,221,12040,0.0184
row74_seance7.jpg,74,7,2533,228,11984,0.019
row47_seance10.jpg,47,10,2373,230,12040,0.0191
row66_seance7.jpg,66,7,2451,221,11550,0.0191
row77_seance7.jpg,77,7,2509,226,11816,0.0191
row53_seance10.jpg,53,10,2346,232,12040,0.0193
row36_seance9.jpg,36,9,2487,229,11816,0.0194
row65_seance8.jpg,65,8,2262,233,12040,0.0194
row84_seance6.jpg,84,6,2592,233,11984,0.0194
row45_seance9.jpg,45,9,2394,231,11816,0.0195
row58_seance8.jpg,58,8,2468,232,11760,0.0197
row22_seance8.jpg,22,8,2535,241,12096,0.0199
row26_seance9.jpg,26,9,2155,236,11872,0.0199
row32_seance9.jpg,32,9,2588,232,11660,0.0199
row46_seance10.jpg,46,10,2571,237,11825,0.02
row68_seance6.jpg,68,6,2280,236,11825,0.02
row5_seance8.jpg,5,8,2696,241,11825,0.0204
row81_seance9.jpg,81,9,2726,243,11872,0.0205
row21_seance8.jpg,21,8,2542,249,12096,0.0206
row86_seance7.jpg,86,7,2312,239,11605,0.0206
row44_seance10.jpg,44,10,2585,248,11984,0.0207
row55_seance9.jpg,55,9,2125,249,12040,0.0207
row37_seance10.jpg,37,10,2390,247,11816,0.0209
row39_seance9.jpg,39,9,2352,251,11984,0.0209
row39_seance8.jpg,39,8,2691,250,11872,0.0211
row50_seance8.jpg,50,8,2514,254,12040,0.0211
row75_seance6.jpg,75,6,2213,250,11770,0.0212
row66_seance6.jpg,66,6,2354,252,11825,0.0213
row64_seance6.jpg,64,6,2398,257,11984,0.0214
row50_seance9.jpg,50,9,2478,255,11816,0.0216
row55_seance10.jpg,55,10,2730,254,11760,0.0216
row70_seance6.jpg,70,6,2484,264,11984,0.022
row70_seance8.jpg,70,8,2292,266,12040,0.0221
row74_seance8.jpg,74,8,2730,262,11816,0.0222
row75_seance7.jpg,75,7,2276,258,11605,0.0222
row23_seance8.jpg,23,8,2461,270,12040,0.0224
row50_seance10.jpg,50,10,2360,269,11984,0.0224
row62_seance6.jpg,62,6,2497,268,11984,0.0224
row62_seance7.jpg,62,7,2469,265,11816,0.0224
row63_seance6.jpg,63,6,2371,269,11984,0.0224
row72_seance7.jpg,72,7,2628,265,11816,0.0224
row73_seance6.jpg,73,6,2136,270,12040,0.0224
row33_seance8.jpg,33,8,2778,274,12198,0.0225
row51_seance10.jpg,51,10,2491,271,12040,0.0225
row63_seance7.jpg,63,7,2319,266,11816,0.0225
row84_seance7.jpg,84,7,2432,266,11816,0.0225
row24_seance6.jpg,24,6,2354,267,11816,0.0226
row64_seance7.jpg,64,7,2647,267,11816,0.0226
row85_seance6.jpg,85,6,2291,271,11984,0.0226
row85_seance7.jpg,85,7,2477,268,11872,0.0226
row28_seance10.jpg,28,10,2536,268,11770,0.0228
row32_seance10.jpg,32,10,2479,268,11770,0.0228
row79_seance7.jpg,79,7,2643,265,11605,0.0228
row38_seance9.jpg,38,9,2473,272,11872,0.0229
row27_seance10.jpg,27,10,2317,277,12040,0.023
row23_seance7.jpg,23,7,2543,276,11816,0.0234
row38_seance10.jpg,38,10,2747,280,11984,0.0234
row79_seance6.jpg,79,6,2380,276,11770,0.0234
row25_seance10.jpg,25,10,2297,283,12040,0.0235
row69_seance6.jpg,69,6,2391,282,11984,0.0235
row70_seance7.jpg,70,7,2663,278,11816,0.0235
row40_seance10.jpg,40,10,2789,283,11984,0.0236
row45_seance10.jpg,45,10,2240,283,11984,0.0236
row69_seance7.jpg,69,7,2372,280,11816,0.0237
row10_seance9.jpg,10,9,2869,277,11660,0.0238
row48_seance10.jpg,48,10,2846,294,12255,0.024
row59_seance7.jpg,59,7,2354,285,11816,0.0241
row81_seance8.jpg,81,8,2711,291,12040,0.0242
row86_seance6.jpg,86,6,2488,292,11825,0.0247
row4_seance6.jpg,4,6,2695,303,12141,0.025
row20_seance6.jpg,20,6,2758,302,11984,0.0252
row36_seance10.jpg,36,10,2597,303,12040,0.0252
row60_seance6.jpg,60,6,2405,302,11984,0.0252
row78_seance6.jpg,78,6,2621,303,12040,0.0252
row48_seance8.jpg,48,8,2978,310,12198,0.0254
row33_seance9.jpg,33,9,2578,308,12084,0.0255
row7_seance8.jpg,7,8,2791,309,12141,0.0255
row52_seance9.jpg,52,9,2550,310,12096,0.0256
row4_seance7.jpg,4,7,2782,314,12084,0.026
row61_seance6.jpg,61,6,2457,311,11984,0.026
row25_seance7.jpg,25,7,2843,316,12040,0.0262
row58_seance7.jpg,58,7,2506,318,12040,0.0264
row26_seance10.jpg,26,10,2469,319,12040,0.0265
row59_seance6.jpg,59,6,2403,320,11984,0.0267
row31_seance10.jpg,31,10,2786,325,11872,0.0274
row14_seance8.jpg,14,8,2469,333,12096,0.0275
row77_seance6.jpg,77,6,2366,332,12040,0.0276
row25_seance6.jpg,25,6,2697,330,11816,0.0279
row35_seance9.jpg,35,9,2534,331,11872,0.0279
row81_seance7.jpg,81,7,2553,333,11816,0.0282
row72_seance6.jpg,72,6,2566,342,12040,0.0284
row3_seance8.jpg,3,8,2813,335,11770,0.0285
row71_seance6.jpg,71,6,2628,343,12040,0.0285
row2_seance6.jpg,2,6,2960,341,11928,0.0286
row1_seance9.jpg,1,9,2411,337,11556,0.0292
row18_seance6.jpg,18,6,2740,353,12040,0.0293
row19_seance7.jpg,19,7,2743,353,12040,0.0293
row78_seance7.jpg,78,7,2892,348,11760,0.0296
row76_seance7.jpg,76,7,2424,357,12040,0.0297
row85_seance10.jpg,85,10,3060,363,12152,0.0299
row73_seance8.jpg,73,8,2835,365,12096,0.0302
row19_seance10.jpg,19,10,2625,361,11872,0.0304
row21_seance6.jpg,21,6,2606,364,11984,0.0304
row35_seance8.jpg,35,8,3001,365,11984,0.0305
row80_seance7.jpg,80,7,2487,361,11816,0.0306
row67_seance10.jpg,67,10,3013,386,12540,0.0308
row79_seance10.jpg,79,10,2887,369,11935,0.0309
row15_seance6.jpg,15,6,3485,373,11984,0.0311
row24_seance7.jpg,24,7,2547,382,12040,0.0317
row60_seance7.jpg,60,7,3086,378,11816,0.032
row7_seance9.jpg,7,9,3035,393,12084,0.0325
row30_seance6.jpg,30,6,3050,392,12027,0.0326
row71_seance7.jpg,71,7,2808,386,11816,0.0327
row6_seance8.jpg,6,8,2885,395,11984,0.033
row20_seance7.jpg,20,7,3153,391,11816,0.0331
row48_seance9.jpg,48,9,2990,401,12027,0.0333
row61_seance10.jpg,61,10,3026,414,12320,0.0336
row6_seance6.jpg,6,6,2723,404,11928,0.0339
row67_seance7.jpg,67,7,2695,407,11970,0.034
row82_seance10.jpg,82,10,3084,422,12426,0.034
row5_seance9.jpg,5,9,2644,399,11660,0.0342
row39_seance10.jpg,39,10,2258,422,12208,0.0346
row16_seance8.jpg,16,8,3175,418,12040,0.0347
row35_seance10.jpg,35,10,2409,416,11984,0.0347
row76_seance8.jpg,76,8,2624,420,11816,0.0355
row80_seance6.jpg,80,6,2648,436,11984,0.0364
row3_seance9.jpg,3,9,2681,426,11660,0.0365
row81_seance6.jpg,81,6,2379,449,12040,0.0373
row33_seance10.jpg,33,10,2534,456,12198,0.0374
row27_seance8.jpg,27,8,3223,449,11984,0.0375
row24_seance10.jpg,24,10,2494,456,12040,0.0379
row11_seance7.jpg,11,7,3070,455,11872,0.0383
row21_seance9.jpg,21,9,2587,456,11872,0.0384
row22_seance9.jpg,22,9,2460,458,11928,0.0384
row12_seance9.jpg,12,9,2730,463,12040,0.0385
row67_seance6.jpg,67,6,2816,472,12255,0.0385
row61_seance7.jpg,61,7,2992,462,11816,0.0391
row58_seance4.jpg,58,4,2047,276,6944,0.0397
row23_seance4.jpg,23,4,2063,304,7560,0.0402
row2_seance7.jpg,2,7,3205,483,11928,0.0405
row30_seance10.jpg,30,10,2754,499,12255,0.0407
row37_seance5.jpg,37,5,1997,233,5712,0.0408
row3_seance10.jpg,3,10,2502,491,11825,0.0415
row47_seance4.jpg,47,4,2199,313,7448,0.042
row5_seance10.jpg,5,10,2476,497,11825,0.042
row39_seance7.jpg,39,7,3044,504,11984,0.0421
row30_seance7.jpg,30,7,3268,527,12255,0.043
row1_seance10.jpg,1,10,2666,500,11448,0.0437
row8_seance9.jpg,8,9,3273,521,11825,0.0441
row18_seance10.jpg,18,10,2597,542,12040,0.045
row6_seance10.jpg,6,10,2488,553,12040,0.0459
row14_seance9.jpg,14,9,2875,553,11816,0.0468
row27_seance9.jpg,27,9,3638,557,11872,0.0469
row6_seance9.jpg,6,9,2877,561,11872,0.0473
row16_seance9.jpg,16,9,3064,563,11872,0.0474
row6_seance7.jpg,6,7,3132,567,11928,0.0475
row2_seance10.jpg,2,10,2365,604,11984,0.0504
row8_seance5.jpg,8,5,2175,290,5665,0.0512
row8_seance6.jpg,8,6,2422,303,5830,0.052
row17_seance10.jpg,17,10,2567,617,11825,0.0522
row55_seance5.jpg,55,5,2203,301,5768,0.0522
row64_seance8.jpg,64,8,2765,649,12040,0.0539
row22_seance10.jpg,22,10,2462,649,11984,0.0542
row49_seance1.jpg,49,1,6682,1638,29810,0.0549
row12_seance10.jpg,12,10,2967,655,11872,0.0552
row14_seance10.jpg,14,10,2640,683,12040,0.0567
row21_seance10.jpg,21,10,2611,696,12040,0.0578
row4_seance10.jpg,4,10,2741,708,12255,0.0578
row15_seance10.jpg,15,10,2775,704,12040,0.0585
row16_seance10.jpg,16,10,2613,740,12040,0.0615
row12_seance3.jpg,12,3,2086,338,5488,0.0616
row44_seance5.jpg,44,5,4229,746,12040,0.062
row11_seance10.jpg,11,10,2890,748,12040,0.0621
row8_seance10.jpg,8,10,3364,735,11660,0.063
row82_seance7.jpg,82,7,4279,762,12027,0.0634
row34_seance4.jpg,34,4,3994,750,11660,0.0643
row56_seance5.jpg,56,5,3711,762,11816,0.0645
row50_seance3.jpg,50,3,3519,800,11872,0.0674
row57_seance5.jpg,57,5,4213,797,11660,0.0684
row27_seance2.jpg,27,2,3714,817,11928,0.0685
row84_seance1.jpg,84,1,8488,2104,30296,0.0694
row37_seance3.jpg,37,3,3921,834,11872,0.0702
row60_seance2.jpg,60,2,3917,831,11816,0.0703
row43_seance1.jpg,43,1,8618,2113,29755,0.071
row62_seance2.jpg,62,2,4623,840,11816,0.0711
row31_seance3.jpg,31,3,3800,847,11872,0.0713
row51_seance5.jpg,51,5,4669,862,12096,0.0713
row57_seance2.jpg,57,2,4084,828,11605,0.0713
row68_seance5.jpg,68,5,4081,841,11660,0.0721
row27_seance5.jpg,27,5,4516,870,12040,0.0723
row62_seance5.jpg,62,5,3954,862,11816,0.073
row63_seance5.jpg,63,5,3906,863,11816,0.073
row66_seance5.jpg,66,5,3894,856,11660,0.0734
row77_seance1.jpg,77,1,7874,2244,30240,0.0742
row1_seance1.jpg,1,1,8370,2175,29268,0.0743
row57_seance3.jpg,57,3,4255,871,11715,0.0743
row8_seance1.jpg,8,1,7551,2229,29810,0.0748
row38_seance2.jpg,38,2,4380,891,11872,0.0751
row36_seance5.jpg,36,5,4414,911,12096,0.0753
row85_seance5.jpg,85,5,4159,894,11872,0.0753
row65_seance2.jpg,65,2,4159,895,11872,0.0754
row51_seance3.jpg,51,3,3986,901,11872,0.0759
row28_seance2.jpg,28,2,4106,893,11715,0.0762
row54_seance1.jpg,54,1,9209,2280,29865,0.0763
row44_seance3.jpg,44,3,4366,909,11872,0.0766
row46_seance1.jpg,46,1,9270,2287,29755,0.0769
row48_seance5.jpg,48,5,4878,951,12312,0.0772
row68_seance3.jpg,68,3,4040,906,11715,0.0773
row65_seance3.jpg,65,3,4203,924,11928,0.0775
row37_seance1.jpg,37,1,8764,2356,30352,0.0776
row45_seance2.jpg,45,2,4118,926,11928,0.0776
row62_seance3.jpg,62,3,4430,926,11928,0.0776
row31_seance2.jpg,31,2,4303,925,11872,0.0779
row41_seance2.jpg,41,2,4144,931,11928,0.0781
row52_seance2.jpg,52,2,4172,936,11928,0.0785
row58_seance2.jpg,58,2,4105,928,11816,0.0785
row42_seance2.jpg,42,2,4554,936,11872,0.0788
row53_seance2.jpg,53,2,4155,941,11928,0.0789
row36_seance2.jpg,36,2,4437,943,11928,0.0791
row82_seance6.jpg,82,6,4484,975,12255,0.0796
row32_seance1.jpg,32,1,8737,2372,29755,0.0797
row26_seance2.jpg,26,2,4148,952,11928,0.0798
row50_seance1.jpg,50,1,8601,2425,30352,0.0799
row28_seance3.jpg,28,3,4234,933,11660,0.08
row39_seance1.jpg,39,1,4164,959,11928,0.0804
row40_seance2.jpg,40,2,4352,959,11928,0.0804
row53_seance3.jpg,53,3,4089,959,11928,0.0804
row73_seance3.jpg,73,3,4216,960,11928,0.0805
row40_seance7.jpg,40,7,4854,970,12040,0.0806
row70_seance3.jpg,70,3,4094,964,11928,0.0808
row54_seance3.jpg,54,3,3847,945,11660,0.081
row63_seance2.jpg,63,2,4287,959,11816,0.0812
row49_seance3.jpg,49,3,4121,952,11715,0.0813
row32_seance5.jpg,32,5,4598,962,11825,0.0814
row27_seance1.jpg,27,1,8819,2470,30296,0.0815
row10_seance2.jpg,10,2,4409,947,11605,0.0816
row58_seance1.jpg,58,1,8213,2463,30184,0.0816
row46_seance5.jpg,46,5,4320,969,11825,0.0819
row67_seance5.jpg,67,5,4612,990,12084,0.0819
row49_seance2.jpg,49,2,4191,967,11715,0.0825
row68_seance2.jpg,68,2,4533,963,11660,0.0826
row54_seance2.jpg,54,2,4158,970,11715,0.0828
row69_seance5.jpg,69,5,4411,984,11872,0.0829
row33_seance1.jpg,33,1,8420,2564,30894,0.083
row43_seance2.jpg,43,2,4312,972,11715,0.083
row11_seance5.jpg,11,5,4482,992,11928,0.0832
row24_seance5.jpg,24,5,4249,1005,12040,0.0835
row43_seance5.jpg,43,5,4667,991,11825,0.0838
row60_seance3.jpg,60,3,4143,1000,11928,0.0838
row74_seance1.jpg,74,1,9190,2536,30240,0.0839
row74_seance3.jpg,74,3,4450,1005,11928,0.0843
row40_seance3.jpg,40,3,4067,1004,11872,0.0846
row30_seance2.jpg,30,2,4448,1025,12084,0.0848
row83_seance3.jpg,83,3,4581,995,11715,0.0849
row78_seance5.jpg,78,5,4304,1013,11872,0.0853
row78_seance1.jpg,78,1,8731,2590,30296,0.0855
row2_seance5.jpg,2,5,4736,1026,11928,0.086
row56_seance1.jpg,56,1,8605,2594,30128,0.0861
row70_seance2.jpg,70,2,4457,1023,11872,0.0862
row44_seance1.jpg,44,1,9499,2619,30352,0.0863
row51_seance2.jpg,51,2,4498,1030,11928,0.0864
row55_seance6.jpg,55,6,2458,528,6104,0.0865
row83_seance5.jpg,83,5,4527,1015,11715,0.0866
row46_seance2.jpg,46,2,4463,1017,11715,0.0868
row55_seance2.jpg,55,2,4196,1035,11928,0.0868
row60_seance5.jpg,60,5,4219,1031,11872,0.0868
row72_seance1.jpg,72,1,8611,2639,30184,0.0874
row32_seance3.jpg,32,3,4177,1020,11660,0.0875
row55_seance3.jpg,55,3,4169,1039,11872,0.0875
row63_seance3.jpg,63,3,4319,1044,11928,0.0875
row52_seance3.jpg,52,3,4463,1040,11872,0.0876
row29_seance2.jpg,29,2,4104,1047,11928,0.0878
row79_seance3.jpg,79,3,4491,1029,11715,0.0878
row48_seance3.jpg,48,3,4495,1068,12141,0.088
row76_seance6.jpg,76,6,4427,1048,11872,0.0883
row73_seance2.jpg,73,2,4578,1050,11872,0.0884
row36_seance1.jpg,36,1,9355,2687,30296,0.0887
row18_seance5.jpg,18,5,4206,1065,11928,0.0893
row35_seance2.jpg,35,2,4107,1065,11928,0.0893
row33_seance3.jpg,33,3,4256,1088,12141,0.0896
row61_seance2.jpg,61,2,4134,1064,11816,0.09
row40_seance6.jpg,40,6,4709,1065,11816,0.0901
row76_seance3.jpg,76,3,4393,1075,11928,0.0901
row59_seance5.jpg,59,5,4452,1066,11816,0.0902
row10_seance1.jpg,10,1,8787,2702,29810,0.0906
row47_seance1.jpg,47,1,9322,2753,30352,0.0907
row32_seance2.jpg,32,2,4524,1064,11715,0.0908
row47_seance2.jpg,47,2,4556,1085,11928,0.091
row62_seance9.jpg,62,9,5187,1071,11760,0.0911
row78_seance3.jpg,78,3,4152,1093,11928,0.0916
row39_seance2.jpg,39,2,4465,1090,11872,0.0918
row35_seance3.jpg,35,3,4289,1092,11872,0.092
row52_seance5.jpg,52,5,4441,1116,12096,0.0923
row72_seance3.jpg,72,3,4302,1105,11928,0.0926
row25_seance2.jpg,25,2,4010,1107,11928,0.0928
row1_seance3.jpg,1,3,4579,1072,11502,0.0932
row45_seance5.jpg,45,5,4872,1133,12096,0.0937
row66_seance3.jpg,66,3,4700,1101,11715,0.094
row60_seance1.jpg,60,1,9162,2844,30184,0.0942
row72_seance5.jpg,72,5,4566,1122,11872,0.0945
row77_seance5.jpg,77,5,4545,1122,11872,0.0945
row24_seance2.jpg,24,2,4342,1129,11928,0.0947
row36_seance3.jpg,36,3,4459,1124,11872,0.0947
row47_seance6.jpg,47,6,4876,1141,12040,0.0948
row77_seance3.jpg,77,3,4618,1139,11928,0.0955
row31_seance1.jpg,31,1,10053,2916,30352,0.0961
row42_seance3.jpg,42,3,4522,1146,11928,0.0961
row84_seance2.jpg,84,2,4788,1141,11872,0.0961
row86_seance1.jpg,86,1,9813,2858,29755,0.0961
row4_seance5.jpg,4,5,5245,1170,12141,0.0964
row30_seance5.jpg,30,5,5103,1182,12255,0.0965
row50_seance5.jpg,50,5,4836,1167,12096,0.0965
row71_seance3.jpg,71,3,4524,1151,11928,0.0965
row11_seance2.jpg,11,2,4410,1143,11816,0.0967
row83_seance2.jpg,83,2,4887,1127,11660,0.0967
row66_seance1.jpg,66,1,9552,2870,29645,0.0968
row74_seance6.jpg,74,6,5372,1149,11872,0.0968
row69_seance3.jpg,69,3,4728,1161,11928,0.0973
row77_seance2.jpg,77,2,4611,1158,11872,0.0975
row79_seance2.jpg,79,2,4954,1139,11660,0.0977
row61_seance3.jpg,61,3,4253,1168,11928,0.0979
row76_seance1.jpg,76,1,9219,2960,30240,0.0979
row66_seance9.jpg,66,9,4876,1132,11550,0.098
row59_seance1.jpg,59,1,10468,2962,30184,0.0981
row64_seance3.jpg,64,3,4752,1170,11928,0.0981
row31_seance7.jpg,31,7,2189,331,3360,0.0985
row71_seance2.jpg,71,2,4625,1177,11872,0.0991
row85_seance3.jpg,85,3,4701,1183,11928,0.0992
row50_seance6.jpg,50,6,4693,1173,11816,0.0993
row38_seance3.jpg,38,3,4353,1186,11928,0.0994
row30_seance1.jpg,30,1,10183,3082,30894,0.0998
row71_seance1.jpg,71,1,9289,3014,30184,0.0999
row41_seance5.jpg,41,5,4824,1210,12096,0.1
row45_seance3.jpg,45,3,4224,1188,11872,0.1001
row43_seance3.jpg,43,3,4405,1174,11715,0.1002
row19_seance6.jpg,19,6,4623,1200,11928,0.1006
row67_seance3.jpg,67,3,5027,1221,12141,0.1006
row86_seance5.jpg,86,5,5014,1175,11660,0.1008
row86_seance2.jpg,86,2,4910,1179,11660,0.1011
row62_seance1.jpg,62,1,10361,3060,30184,0.1014
row17_seance1.jpg,17,1,7923,3042,29810,0.102
row9_seance4.jpg,9,4,4927,1152,11289,0.102
row71_seance5.jpg,71,5,4814,1206,11816,0.1021
row54_seance5.jpg,54,5,4924,1214,11880,0.1022
row78_seance2.jpg,78,2,4558,1215,11872,0.1023
row85_seance1.jpg,85,1,9336,3109,30296,0.1026
row65_seance1.jpg,65,1,10415,3117,30184,0.1033
row35_seance1.jpg,35,1,10152,3136,30296,0.1035
row80_seance3.jpg,80,3,4559,1234,11928,0.1035
row14_seance2.jpg,14,2,4466,1230,11872,0.1036
row53_seance1.jpg,53,1,10047,3144,30352,0.1036
row79_seance5.jpg,79,5,5123,1209,11660,0.1037
row30_seance3.jpg,30,3,4676,1256,12084,0.1039
row80_seance2.jpg,80,2,4751,1233,11872,0.1039
row81_seance2.jpg,81,2,4776,1229,11816,0.104
row42_seance1.jpg,42,1,11079,3167,30352,0.1043
row41_seance3.jpg,41,3,4574,1243,11872,0.1047
row46_seance3.jpg,46,3,4349,1226,11715,0.1047
row80_seance1.jpg,80,1,9459,3175,30240,0.105
row5_seance1.jpg,5,1,8811,3137,29810,0.1052
row63_seance1.jpg,63,1,10309,3186,30184,0.1056
row72_seance2.jpg,72,2,4930,1255,11872,0.1057
row82_seance2.jpg,82,2,5413,1285,12084,0.1063
row21_seance2.jpg,21,2,4299,1266,11872,0.1066
row59_seance3.jpg,59,3,4451,1274,11928,0.1068
row57_seance1.jpg,57,1,11529,3169,29645,0.1069
row15_seance2.jpg,15,2,4250,1267,11816,0.1072
row17_seance2.jpg,17,2,4353,1256,11660,0.1077
row79_seance1.jpg,79,1,10563,3199,29700,0.1077
row84_seance3.jpg,84,3,4885,1286,11928,0.1078
row41_seance1.jpg,41,1,10527,3278,30352,0.108
row75_seance3.jpg,75,3,5013,1265,11715,0.108
row24_seance1.jpg,24,1,9694,3282,30296,0.1083
row37_seance6.jpg,37,6,3001,663,6104,0.1086
row81_seance3.jpg,81,3,4945,1301,11984,0.1086
row22_seance7.jpg,22,7,5357,1301,11928,0.1091
row51_seance1.jpg,51,1,11066,3337,30352,0.1099
row9_seance1.jpg,9,1,4017,1230,11183,0.11
row29_seance3.jpg,29,3,4067,1310,11872,0.1103
row21_seance1.jpg,21,1,8605,3361,30352,0.1107
row18_seance1.jpg,18,1,8163,3381,30352,0.1114
row22_seance2.jpg,22,2,4567,1316,11816,0.1114
row86_seance3.jpg,86,3,4710,1312,11770,0.1115
row78_seance9.jpg,78,9,1790,300,2688,0.1116
row56_seance3.jpg,56,3,4753,1333,11928,0.1118
row22_seance1.jpg,22,1,8686,3396,30352,0.1119
row26_seance1.jpg,26,1,10705,3398,30296,0.1122
row15_seance1.jpg,15,1,9149,3408,30352,0.1123
row82_seance1.jpg,82,1,12037,3457,30780,0.1123
row4_seance2.jpg,4,2,4739,1354,12027,0.1126
row5_seance2.jpg,5,2,4651,1311,11550,0.1135
row3_seance1.jpg,3,1,9289,3386,29810,0.1136
row16_seance2.jpg,16,2,4596,1351,11872,0.1138
row75_seance2.jpg,75,2,5423,1321,11605,0.1138
row52_seance1.jpg,52,1,11237,3515,30408,0.1156
row38_seance1.jpg,38,1,11025,3514,30352,0.1158
row3_seance2.jpg,3,2,4907,1348,11605,0.1162
row19_seance2.jpg,19,2,4314,1387,11872,0.1168
row25_seance3.jpg,25,3,5209,1387,11872,0.1168
row48_seance1.jpg,48,1,11960,3608,30894,0.1168
row67_seance1.jpg,67,1,11371,3587,30723,0.1168
row20_seance2.jpg,20,2,4534,1386,11816,0.1173
row31_seance8.jpg,31,8,5028,992,8456,0.1173
row25_seance9.jpg,25,9,5613,1404,11872,0.1183
row50_seance7.jpg,50,7,5520,1427,12040,0.1185
row66_seance8.jpg,66,8,5569,1401,11825,0.1185
row25_seance1.jpg,25,1,11125,3598,30296,0.1188
row82_seance5.jpg,82,5,6002,1436,12084,0.1188
row61_seance1.jpg,61,1,10150,3617,30184,0.1198
row29_seance1.jpg,29,1,10513,3631,30296,0.1199
row62_seance4.jpg,62,4,5988,1466,12096,0.1212
row2_seance2.jpg,2,2,4950,1438,11816,0.1217
row42_seance7.jpg,42,7,5264,1447,11816,0.1225
row48_seance6.jpg,48,6,5792,1475,12027,0.1226
row48_seance2.jpg,48,2,5374,1493,12141,0.123
row75_seance1.jpg,75,1,11606,3664,29755,0.1231
row82_seance3.jpg,82,3,5707,1503,12198,0.1232
row18_seance2.jpg,18,2,4594,1464,11872,0.1233
row81_seance1.jpg,81,1,10668,3779,30296,0.1247
row27_seance7.jpg,27,7,6090,1515,12040,0.1258
row7_seance1.jpg,7,1,11049,3945,30837,0.1279
row6_seance1.jpg,6,1,4722,1513,11816,0.128
row4_seance1.jpg,4,1,9754,3959,30894,0.1281
row31_seance6.jpg,31,6,6411,1515,11816,0.1282
row34_seance10.jpg,34,10,5358,1511,11770,0.1284
row18_seance9.jpg,18,9,5195,1534,11872,0.1292
row26_seance3.jpg,26,3,5849,1536,11872,0.1294
row83_seance1.jpg,83,1,10979,3855,29755,0.1296
row28_seance1.jpg,28,1,11312,3860,29755,0.1297
row1_seance5.jpg,1,5,2468,610,4698,0.1298
row11_seance1.jpg,11,1,10906,3950,30352,0.1301
row16_seance5.jpg,16,5,6031,1559,11928,0.1307
row62_seance8.jpg,62,8,6292,1574,12040,0.1307
row12_seance1.jpg,12,1,10232,3969,30352,0.1308
row22_seance6.jpg,22,6,5534,1580,11984,0.1318
row2_seance8.jpg,2,8,5085,1582,11984,0.132
row52_seance4.jpg,52,4,5360,1586,11984,0.1323
row12_seance2.jpg,12,2,3086,817,6160,0.1326
row33_seance2.jpg,33,2,5652,1609,12084,0.1332
row33_seance7.jpg,33,7,6501,1632,12255,0.1332
row42_seance8.jpg,42,8,6184,1606,12040,0.1334
row33_seance6.jpg,33,6,5912,1615,12027,0.1343
row48_seance4.jpg,48,4,5668,1634,12141,0.1346
row9_seance5.jpg,9,5,5915,1529,11342,0.1348
row58_seance3.jpg,58,3,2910,645,4760,0.1355
row10_seance3.jpg,10,3,5959,1607,11715,0.1372
row1_seance2.jpg,1,2,5776,1564,11394,0.1373
row2_seance4.jpg,2,4,5836,1645,11984,0.1373
row52_seance6.jpg,52,6,5713,1634,11816,0.1383
row72_seance9.jpg,72,9,5907,1627,11760,0.1384
row40_seance1.jpg,40,1,12249,4210,30296,0.139
row59_seance8.jpg,59,8,5789,1674,12040,0.139
row69_seance2.jpg,69,2,5485,1674,11872,0.141
row10_seance7.jpg,10,7,4721,1157,8195,0.1412
row16_seance1.jpg,16,1,11106,4318,30352,0.1423
row50_seance2.jpg,50,2,5604,1700,11928,0.1425
row52_seance8.jpg,52,8,2906,708,4928,0.1437
row59_seance2.jpg,59,2,5789,1700,11816,0.1439
row5_seance3.jpg,5,3,5862,1690,11715,0.1443
row66_seance4.jpg,66,4,5907,1712,11825,0.1448
row24_seance3.jpg,24,3,6066,1723,11872,0.1451
row15_seance3.jpg,15,3,5680,1738,11928,0.1457
row51_seance6.jpg,51,6,6398,1736,11816,0.1469
row12_seance4.jpg,12,4,5947,1745,11872,0.147
row55_seance1.jpg,55,1,13410,4483,30408,0.1474
row44_seance7.jpg,44,7,5776,1779,12040,0.1478
row50_seance4.jpg,50,4,5532,1794,11984,0.1497
row25_seance8.jpg,25,8,6100,1813,12040,0.1506
row3_seance3.jpg,3,3,5982,1772,11715,0.1513
row69_seance4.jpg,69,4,6248,1836,12040,0.1525
row66_seance2.jpg,66,2,6242,1780,11660,0.1527
row49_seance6.jpg,49,6,6135,1766,11550,0.1529
row27_seance3.jpg,27,3,6219,1819,11872,0.1532
row72_seance4.jpg,72,4,6078,1846,12040,0.1533
row43_seance6.jpg,43,6,5773,1790,11605,0.1542
row6_seance2.jpg,6,2,5869,1841,11928,0.1543
row36_seance4.jpg,36,4,6432,1853,11984,0.1546
row47_seance3.jpg,47,3,3092,650,4200,0.1548
row68_seance1.jpg,68,1,13283,4630,29645,0.1562
row19_seance1.jpg,19,1,11313,4773,30352,0.1573
row10_seance6.jpg,10,6,2332,521,3300,0.1579
row13_seance5.jpg,13,5,5099,1446,9130,0.1584
row49_seance8.jpg,49,8,4554,1264,7975,0.1585
row9_seance3.jpg,9,3,6109,1798,11342,0.1585
row70_seance1.jpg,70,1,14045,4822,30240,0.1595
row77_seance10.jpg,77,10,7317,1957,12208,0.1603
row84_seance8.jpg,84,8,5881,1948,12096,0.161
row9_seance2.jpg,9,2,5642,1821,11289,0.1613
row28_seance7.jpg,28,7,6932,1925,11825,0.1628
row9_seance6.jpg,9,6,6419,1833,11236,0.1631
row84_seance9.jpg,84,9,6880,1935,11816,0.1638
row52_seance7.jpg,52,7,3666,1120,6832,0.1639
row44_seance4.jpg,44,4,5944,1985,12040,0.1649
row11_seance8.jpg,11,8,6031,1996,12096,0.165
row11_seance3.jpg,11,3,6443,1972,11928,0.1653
row51_seance7.jpg,51,7,6829,1993,12040,0.1655
row26_seance4.jpg,26,4,6296,1985,11984,0.1656
row29_seance10.jpg,29,10,2591,687,4144,0.1658
row2_seance3.jpg,2,3,6198,1985,11928,0.1664
row23_seance5.jpg,23,5,5980,1997,11984,0.1666
row58_seance10.jpg,58,10,6580,1958,11704,0.1673
row25_seance4.jpg,25,4,6068,2011,11984,0.1678
row42_seance4.jpg,42,4,6963,2011,11984,0.1678
row34_seance8.jpg,34,8,3620,1026,6105,0.1681
row18_seance8.jpg,18,8,5707,2035,12096,0.1682
row31_seance5.jpg,31,5,6634,2027,12040,0.1684
row21_seance3.jpg,21,3,5876,2022,11928,0.1695
row16_seance3.jpg,16,3,6441,2029,11872,0.1709
row30_seance9.jpg,30,9,6951,2077,12084,0.1719
row27_seance6.jpg,27,6,6435,2033,11816,0.1721
row30_seance8.jpg,30,8,6915,2100,12198,0.1722
row44_seance2.jpg,44,2,6293,2057,11928,0.1725
row28_seance4.jpg,28,4,5964,2031,11770,0.1726
row48_seance7.jpg,48,7,6906,2123,12255,0.1732
row23_seance3.jpg,23,3,2827,710,4088,0.1737
row58_seance9.jpg,58,9,6581,2105,12096,0.174
row25_seance5.jpg,25,5,5890,2099,12040,0.1743
row60_seance4.jpg,60,4,6344,2106,12040,0.1749
row7_seance6.jpg,7,6,2902,831,4731,0.1756
row22_seance3.jpg,22,3,6366,2104,11928,0.1764
row78_seance8.jpg,78,8,5236,1626,9184,0.177
row4_seance3.jpg,4,3,6587,2143,12084,0.1773
row49_seance7.jpg,49,7,2719,645,3630,0.1777
row47_seance5.jpg,47,5,6856,2144,12040,0.1781
row24_seance9.jpg,24,9,6011,2129,11928,0.1785
row34_seance1.jpg,34,1,15939,5336,29810,0.179
row57_seance10.jpg,57,10,7094,2167,12100,0.1791
row14_seance1.jpg,14,1,13166,5444,30352,0.1794
row73_seance4.jpg,73,4,6435,2160,12040,0.1794
row20_seance1.jpg,20,1,12917,5448,30352,0.1795
row43_seance7.jpg,43,7,7124,2122,11825,0.1795
row51_seance4.jpg,51,4,7023,2151,11984,0.1795
row59_seance4.jpg,59,4,6365,2176,12096,0.1799
row15_seance5.jpg,15,5,6359,2157,11928,0.1808
row41_seance10.jpg,41,10,6165,1850,10192,0.1815
row31_seance4.jpg,31,4,6202,2190,12040,0.1819
row34_seance5.jpg,34,5,6330,2156,11825,0.1823
row17_seance3.jpg,17,3,6418,2128,11660,0.1825
row68_seance8.jpg,68,8,5283,2159,11825,0.1826
row32_seance4.jpg,32,4,6026,2164,11825,0.183
row59_seance9.jpg,59,9,7226,2153,11760,0.1831
row69_seance8.jpg,69,8,6870,2205,12040,0.1831
row19_seance3.jpg,19,3,6924,2175,11872,0.1832
row54_seance7.jpg,54,7,4031,1209,6600,0.1832
row47_seance9.jpg,47,9,4125,1278,6944,0.184
row26_seance5.jpg,26,5,6412,2217,12040,0.1841
row86_seance10.jpg,86,10,7822,2197,11935,0.1841
row17_seance5.jpg,17,5,6538,2178,11770,0.185
row70_seance4.jpg,70,4,6127,2228,12040,0.185
row22_seance5.jpg,22,5,6450,2222,11928,0.1863
row58_seance5.jpg,58,5,6307,2244,12040,0.1864
row36_seance6.jpg,36,6,6924,2213,11816,0.1873
row12_seance6.jpg,12,6,6730,2237,11928,0.1875
row41_seance6.jpg,41,6,6885,2205,11760,0.1875
row24_seance4.jpg,24,4,6294,2253,11984,0.188
row33_seance5.jpg,33,5,6798,2304,12255,0.188
row54_seance4.jpg,54,4,6281,2213,11770,0.188
row86_seance9.jpg,86,9,7443,2182,11605,0.188
row14_seance6.jpg,14,6,6242,2254,11984,0.1881
row6_seance5.jpg,6,5,4861,1479,7840,0.1886
row21_seance5.jpg,21,5,6454,2254,11928,0.189
row68_seance9.jpg,68,9,5538,2196,11605,0.1892
row3_seance5.jpg,3,5,6643,2225,11715,0.1899
row83_seance10.jpg,83,10,7194,2080,10945,0.19
row82_seance9.jpg,82,9,7071,2287,12027,0.1902
row30_seance4.jpg,30,4,6724,2336,12255,0.1906
row49_seance4.jpg,49,4,6712,2244,11770,0.1907
row78_seance4.jpg,78,4,6683,2296,12040,0.1907
row44_seance6.jpg,44,6,6270,2254,11816,0.1908
row53_seance4.jpg,53,4,6660,2287,11984,0.1908
row1_seance6.jpg,1,6,4270,1261,6588,0.1914
row58_seance6.jpg,58,6,6489,2264,11816,0.1916
row64_seance4.jpg,64,4,6825,2317,12040,0.1924
row23_seance6.jpg,23,6,6708,2318,12040,0.1925
row45_seance1.jpg,45,1,14936,5859,30352,0.193
row69_seance9.jpg,69,9,7131,2271,11760,0.1931
row14_seance3.jpg,14,3,6692,2295,11872,0.1933
row28_seance5.jpg,28,5,6704,2296,11825,0.1942
row20_seance3.jpg,20,3,6508,2318,11928,0.1943
row43_seance4.jpg,43,4,7774,2289,11770,0.1945
row86_seance8.jpg,86,8,6983,2313,11880,0.1947
row20_seance5.jpg,20,5,6576,2336,11984,0.1949
row64_seance1.jpg,64,1,16722,5883,30184,0.1949
row14_seance5.jpg,14,5,6424,2333,11928,0.1956
row1_seance4.jpg,1,4,6576,2264,11556,0.1959
row13_seance6.jpg,13,6,6756,2285,11660,0.196
row41_seance4.jpg,41,4,6768,2349,11984,0.196
row75_seance5.jpg,75,5,6732,2285,11660,0.196
row65_seance4.jpg,65,4,6820,2362,12040,0.1962
row4_seance4.jpg,4,4,7697,2408,12255,0.1965
row3_seance6.jpg,3,6,7094,2304,11715,0.1967
row74_seance9.jpg,74,9,8278,2368,12040,0.1967
row3_seance7.jpg,3,7,7267,2321,11715,0.1981
row73_seance1.jpg,73,1,15394,5997,30240,0.1983
row5_seance5.jpg,5,5,7060,2326,11715,0.1985
row34_seance6.jpg,34,6,6807,2349,11825,0.1986
row69_seance1.jpg,69,1,16483,6022,30184,0.1995
row67_seance4.jpg,67,4,7682,2446,12255,0.1996
row56_seance2.jpg,56,2,7173,2375,11816,0.201
row80_seance5.jpg,80,5,6662,2388,11872,0.2011
row23_seance1.jpg,23,1,15592,6099,30296,0.2013
row75_seance4.jpg,75,4,6887,2391,11880,0.2013
row15_seance4.jpg,15,4,7027,2426,12040,0.2015
row39_seance3.jpg,39,3,6656,2426,12040,0.2015
row6_seance4.jpg,6,4,2636,792,3920,0.202
row64_seance2.jpg,64,2,6929,2399,11872,0.2021
row2_seance9.jpg,2,9,6425,2413,11928,0.2023
row38_seance4.jpg,38,4,6968,2426,11984,0.2024
row53_seance5.jpg,53,5,6795,2451,12096,0.2026
row33_seance4.jpg,33,4,6882,2477,12198,0.2031
row61_seance4.jpg,61,4,6673,2478,12096,0.2049
row17_seance4.jpg,17,4,6651,2424,11825,0.205
row12_seance7.jpg,12,7,7504,2459,11984,0.2052
row73_seance5.jpg,73,5,6967,2441,11872,0.2056
row55_seance8.jpg,55,8,6303,2493,12096,0.2061
row67_seance9.jpg,67,9,8150,2456,11913,0.2062
row10_seance5.jpg,10,5,5434,1737,8415,0.2064
row63_seance10.jpg,63,10,7871,2543,12320,0.2064
row80_seance4.jpg,80,4,6896,2506,12096,0.2072
row21_seance4.jpg,21,4,6538,2505,12040,0.2081
row35_seance5.jpg,35,5,7488,2524,12096,0.2087
row84_seance4.jpg,84,4,7050,2524,12096,0.2087
row29_seance4.jpg,29,4,6605,2502,11984,0.2088
row55_seance4.jpg,55,4,6684,2503,11984,0.2089
row41_seance7.jpg,41,7,7323,2518,12040,0.2091
row14_seance7.jpg,14,7,7037,2492,11872,0.2099
row22_seance4.jpg,22,4,6854,2539,12096,0.2099
row53_seance6.jpg,53,6,6856,2469,11760,0.2099
row77_seance8.jpg,77,8,7983,2527,12040,0.2099
row65_seance5.jpg,65,5,7031,2493,11872,0.21
row12_seance5.jpg,12,5,7151,2534,12040,0.2105
row67_seance2.jpg,67,2,7717,2551,12084,0.2111
row10_seance4.jpg,10,4,2503,662,3135,0.2112
row20_seance4.jpg,20,4,6668,2544,12040,0.2113
row20_seance8.jpg,20,8,7767,2569,12152,0.2114
row16_seance4.jpg,16,4,7129,2568,12096,0.2123
row18_seance3.jpg,18,3,6892,2520,11872,0.2123
row27_seance4.jpg,27,4,6423,2545,11984,0.2124
row7_seance5.jpg,7,5,7262,2593,12198,0.2126
row3_seance4.jpg,3,4,6923,2504,11770,0.2127
row49_seance5.jpg,49,5,7161,2539,11880,0.2137
row68_seance4.jpg,68,4,5126,2528,11825,0.2138
row13_seance8.jpg,13,8,6987,2497,11660,0.2142
row29_seance5.jpg,29,5,6979,2585,12040,0.2147
row35_seance4.jpg,35,4,7161,2576,11984,0.215
row46_seance6.jpg,46,6,7414,2496,11605,0.2151
row18_seance4.jpg,18,4,6195,2596,12040,0.2156
row71_seance4.jpg,71,4,6890,2608,12096,0.2156
row5_seance4.jpg,5,4,7087,2551,11825,0.2157
row38_seance5.jpg,38,5,6820,2598,12040,0.2158
row36_seance7.jpg,36,7,7572,2599,12040,0.2159
row84_seance5.jpg,84,5,7012,2567,11872,0.2162
row81_seance5.jpg,81,5,7101,2570,11872,0.2165
row11_seance4.jpg,11,4,7590,2596,11984,0.2166
row82_seance8.jpg,82,8,7275,2667,12255,0.2176
row78_seance10.jpg,78,10,5404,1787,8176,0.2186
row40_seance4.jpg,40,4,6650,2621,11984,0.2187
row4_seance9.jpg,4,9,8193,2646,12084,0.219
row60_seance9.jpg,60,9,4200,1351,6160,0.2193
row85_seance9.jpg,85,9,8765,2593,11816,0.2194
row28_seance8.jpg,28,8,7281,2584,11770,0.2195
row38_seance7.jpg,38,7,7441,2650,12040,0.2201
row34_seance7.jpg,34,7,3848,1163,5280,0.2203
row64_seance5.jpg,64,5,7123,2617,11872,0.2204
row6_seance3.jpg,6,3,6998,2656,11984,0.2216
row67_seance8.jpg,67,8,8374,2734,12312,0.2221
row80_seance8.jpg,80,8,7148,2700,12096,0.2232
row56_seance4.jpg,56,4,7861,2706,12096,0.2237
row37_seance2.jpg,37,2,7566,2671,11928,0.2239
row54_seance8.jpg,54,8,7291,2650,11825,0.2241
row46_seance4.jpg,46,4,7110,2639,11770,0.2242
row70_seance5.jpg,70,5,6826,2671,11872,0.225
row81_seance4.jpg,81,4,6923,2711,12040,0.2252
row74_seance4.jpg,74,4,4048,1401,6216,0.2254
row61_seance5.jpg,61,5,7050,2670,11816,0.226
row10_seance10.jpg,10,10,7429,2684,11825,0.227
row45_seance6.jpg,45,6,7261,2682,11816,0.227
row7_seance7.jpg,7,7,4905,1645,7239,0.2272
row77_seance4.jpg,77,4,7213,2741,12040,0.2277
row74_seance10.jpg,74,10,8503,2696,11816,0.2282
row14_seance4.jpg,14,4,7581,2760,12040,0.2292
row8_seance4.jpg,8,4,7411,2703,11770,0.2297
row56_seance7.jpg,56,7,7880,2721,11816,0.2303
row56_seance6.jpg,56,6,7782,2769,11984,0.2311
row77_seance9.jpg,77,9,8472,2735,11816,0.2315
row79_seance9.jpg,79,9,7920,2712,11605,0.2337
row13_seance1.jpg,13,1,17938,6975,29810,0.234
row63_seance8.jpg,63,8,7595,2827,12040,0.2348
row60_seance8.jpg,60,8,4236,1330,5656,0.2351
row35_seance7.jpg,35,7,8636,2833,12040,0.2353
row37_seance4.jpg,37,4,7186,2822,11984,0.2355
row39_seance4.jpg,39,4,7850,2844,12040,0.2362
row20_seance10.jpg,20,10,8425,2854,12040,0.237
row12_seance8.jpg,12,8,8266,2828,11872,0.2382
row2_seance1.jpg,2,1,17477,7262,30296,0.2397
row40_seance5.jpg,40,5,7294,2902,12096,0.2399
row11_seance9.jpg,11,9,7103,2841,11816,0.2404
row83_seance8.jpg,83,8,8242,2877,11880,0.2422
row19_seance4.jpg,19,4,4978,1819,7504,0.2424
row38_seance6.jpg,38,6,7028,2877,11816,0.2435
row23_seance2.jpg,23,2,7466,2914,11928,0.2443
row13_seance4.jpg,13,4,2326,605,2475,0.2444
row34_seance9.jpg,34,9,7879,2893,11825,0.2447
row46_seance7.jpg,46,7,8329,2894,11825,0.2447
row8_seance7.jpg,8,7,7876,2896,11770,0.246
row28_seance9.jpg,28,9,8343,2885,11715,0.2463
row61_seance9.jpg,61,9,8705,2897,11760,0.2463
row85_seance4.jpg,85,4,8742,2979,12096,0.2463
row76_seance5.jpg,76,5,4128,1478,5992,0.2467
row75_seance9.jpg,75,9,8837,2871,11605,0.2474
row79_seance8.jpg,79,8,8272,2939,11880,0.2474
row35_seance6.jpg,35,6,8738,2938,11816,0.2486
row85_seance8.jpg,85,8,9196,3016,12040,0.2505
row8_seance8.jpg,8,8,8578,2926,11660,0.2509
row26_seance6.jpg,26,6,8980,2986,11816,0.2527
row32_seance7.jpg,32,7,8031,2977,11770,0.2529
row55_seance7.jpg,55,7,7482,2993,11760,0.2545
row83_seance9.jpg,83,9,8467,2963,11605,0.2553
row23_seance9.jpg,23,9,7802,3083,12040,0.2561
row24_seance8.jpg,24,8,7698,3072,11984,0.2563
row83_seance4.jpg,83,4,7566,3052,11825,0.2581
row47_seance7.jpg,47,7,7996,3063,11816,0.2592
row72_seance8.jpg,72,8,7799,3127,12040,0.2597
row17_seance8.jpg,17,8,7429,3088,11880,0.2599
row4_seance8.jpg,4,8,8569,3195,12255,0.2607
row53_seance7.jpg,53,7,7692,3164,12096,0.2616
row63_seance9.jpg,63,9,7764,3079,11760,0.2618
row16_seance7.jpg,16,7,9099,3109,11872,0.2619
row82_seance4.jpg,82,4,8079,3229,12255,0.2635
row1_seance7.jpg,1,7,7826,3032,11502,0.2636
row29_seance9.jpg,29,9,2946,1198,4536,0.2641
row42_seance5.jpg,42,5,4361,1792,6776,0.2645
row32_seance6.jpg,32,6,6992,3074,11605,0.2649
row54_seance6.jpg,54,6,3539,1268,4785,0.265
row71_seance9.jpg,71,9,7481,3131,11760,0.2662
row26_seance7.jpg,26,7,9566,3211,12040,0.2667
row39_seance5.jpg,39,5,8868,3159,11816,0.2673
row37_seance8.jpg,37,8,8181,3229,12040,0.2682
row86_seance4.jpg,86,4,7711,3171,11825,0.2682
row76_seance4.jpg,76,4,4476,1579,5824,0.2711
row37_seance7.jpg,37,7,7628,3206,11816,0.2713
row16_seance6.jpg,16,6,9096,3261,11984,0.2721
row13_seance2.jpg,13,2,8334,3159,11605,0.2722
row71_seance8.jpg,71,8,8161,3287,12040,0.273
row20_seance9.jpg,20,9,8752,3250,11872,0.2738
row74_seance2.jpg,74,2,9264,3264,11816,0.2762
row45_seance7.jpg,45,7,7719,3325,11984,0.2775
row85_seance2.jpg,85,2,9733,3301,11872,0.278
row13_seance9.jpg,13,9,7689,3244,11660,0.2782
row61_seance8.jpg,61,8,8296,3359,12040,0.279
row45_seance4.jpg,45,4,8475,3375,11984,0.2816
row80_seance9.jpg,80,9,8066,3331,11816,0.2819
row39_seance6.jpg,39,6,8915,3402,12040,0.2826
row17_seance9.jpg,17,9,7967,3295,11605,0.2839
row8_seance2.jpg,8,2,7959,3305,11605,0.2848
row60_seance10.jpg,60,10,5223,1720,5992,0.287
row76_seance2.jpg,76,2,8134,3437,11872,0.2895
row47_seance8.jpg,47,8,3691,1413,4872,0.29
row75_seance8.jpg,75,8,9012,3444,11825,0.2912
row19_seance5.jpg,19,5,3818,1269,4312,0.2943
row23_seance10.jpg,23,10,7793,3523,11872,0.2967
row57_seance4.jpg,57,4,7959,3542,11825,0.2995
row34_seance2.jpg,34,2,4859,1781,5940,0.2998
row79_seance4.jpg,79,4,8849,3582,11880,0.3015
row7_seance10.jpg,7,10,9521,3739,12255,0.3051
row76_seance10.jpg,76,10,3628,1649,5376,0.3067
row42_seance6.jpg,42,6,4014,1560,5040,0.3095
row34_seance3.jpg,34,3,4386,1707,5500,0.3104
row74_seance5.jpg,74,5,4376,1756,5656,0.3105
row63_seance4.jpg,63,4,9222,3784,12096,0.3128
row5_seance7.jpg,5,7,8893,3661,11660,0.314
row28_seance6.jpg,28,6,8511,3714,11605,0.32
row5_seance6.jpg,5,6,9090,3824,11715,0.3264
row7_seance3.jpg,7,3,5240,2162,6555,0.3298
row57_seance6.jpg,57,6,9672,3908,11770,0.332
row13_seance3.jpg,13,3,9049,3926,11715,0.3351
row76_seance9.jpg,76,9,8502,4118,12040,0.342
row57_seance7.jpg,57,7,9699,4137,11550,0.3582
row7_seance2.jpg,7,2,9993,4320,12027,0.3592
row1_seance8.jpg,1,8,9696,4226,11502,0.3674
row29_seance6.jpg,29,6,3801,1844,4984,0.37
row15_seance9.jpg,15,9,9619,4600,11816,0.3893
row15_seance8.jpg,15,8,9500,4864,12096,0.4021
row7_seance4.jpg,7,4,5230,2379,5358,0.444
row8_seance3.jpg,8,3,8754,5564,11715,0.4749
row29_seance8.jpg,29,8,2134,1521,1680,0.9054
